lfdnr	web
313455	www.zew.de
315017	www.techkon-gummitechnik.de
461208	www.wesenitz-bitter.com
328986	www.autoservice-auerbach.de
463522	www.gaz.de
223349	www.bytecmed.com
466723	www.hans-im-glueck.de
413177	www.metallbaufoerstl.de
320784	www.stoehr-logistik.de
225199	www.validas.de
432748	www.petrologic.de
402837	www.mg-produktservice.de
106787	www.knorr-bremseandhaldex.com  sowie der Website
480547	www.holzprofi-gerdes.de
330198	www.ape-engineering.de
320677	www.kaiser-waldbrunn.de
322845	www.dekoguenther.de
436250	www.paul-neuhaus.de
450433	www.eichsfeldwerke.de
224574	www.vsp-direktmarketing.de
222535	www.isys-berlin.de
464669	www.grimmener-stadtwerke.de
441606	www.vaeth.com
465034	www.mekon-recycling.com
456721	www.wittinger-gmbh.de
